Transcription factor,ensembl_id,UniProt AC,pwm_id,SEM,baseline,cell_type,chip_ENCODE_accession,dnase_ENCODE_accession
TFAP2B,ENSG00000008196,Q92481,AP2B_HUMAN.H11MO.0.B,AP2B_HUMAN.SK-N-SH.sem,0.447187646,SK-N-SH,ENCFF303ORH,ENCFF752OZB
ARNT,ENSG00000143437,P27540,ARNT_HUMAN.H11MO.0.B,ARNT_HUMAN.GM12878.sem,0.274854427,GM12878,ENCFF538DNI,ENCFF759OLD
ATF1,ENSG00000123268,P18846,ATF1_HUMAN.H11MO.0.B,ATF1_HUMAN.HepG2.sem,0.11237492,HepG2,ENCFF042GYT,ENCFF897NME
ATF1,ENSG00000123268,P18846,ATF1_HUMAN.H11MO.0.B,ATF1_HUMAN.K562.sem,0.127459823,K562,ENCFF885JPB,ENCFF274YGF
ATF1,ENSG00000123268,P18846,ATF1_HUMAN.H11MO.0.B,ATF1_HUMAN.WTC11.sem,0.596297894,WTC11,ENCFF150KVX,ENCFF854DSG
ATF2,ENSG00000115966,P15336,ATF2_HUMAN.H11MO.0.B,ATF2_HUMAN.HEK293.sem,0.057802264,HEK293,ENCFF406PGD,ENCFF285OXK
ATF2,ENSG00000115966,P15336,ATF2_HUMAN.H11MO.0.B,ATF2_HUMAN.HepG2.sem,0.374051025,HepG2,ENCFF899JAX,ENCFF897NME
ATF2,ENSG00000115966,P15336,ATF2_HUMAN.H11MO.0.B,ATF2_HUMAN.K562.sem,0.283999411,K562,ENCFF611KGQ,ENCFF274YGF
ATF3,ENSG00000162772,P18847,ATF3_HUMAN.H11MO.0.A,ATF3_HUMAN.HepG2.sem,0.223931791,HepG2,ENCFF197JBM,ENCFF897NME
ATF3,ENSG00000162772,P18847,ATF3_HUMAN.H11MO.0.A,ATF3_HUMAN.K562.sem,0.510136503,K562,ENCFF561SGX,ENCFF274YGF
ATF3,ENSG00000162772,P18847,ATF3_HUMAN.H11MO.0.A,ATF3_HUMAN.WTC11.sem,0.506772693,WTC11,ENCFF341RJA,ENCFF854DSG
ATF4,ENSG00000128272,P18848,ATF4_HUMAN.H11MO.0.A,ATF4_HUMAN.HepG2.sem,0.308572745,HepG2,ENCFF886RBI,ENCFF897NME
ATF4,ENSG00000128272,P18848,ATF4_HUMAN.H11MO.0.A,ATF4_HUMAN.K562.sem,0.337133395,K562,ENCFF211RPU,ENCFF274YGF
ATF6,ENSG00000118217,P18850,ATF6A_HUMAN.H11MO.0.B,ATF6A_HUMAN.HepG2.sem,0.742332927,HepG2,ENCFF460UZH,ENCFF897NME
ATF6,ENSG00000118217,P18850,ATF6A_HUMAN.H11MO.0.B,ATF6A_HUMAN.K562.sem,0.762015296,K562,ENCFF918NNJ,ENCFF274YGF
BACH1,ENSG00000156273,O14867,BACH1_HUMAN.H11MO.0.A,BACH1_HUMAN.H1.sem,0.320193461,H1,ENCFF125QXS,ENCFF983UCL
BACH1,ENSG00000156273,O14867,BACH1_HUMAN.H11MO.0.A,BACH1_HUMAN.K562.sem,0.254959352,K562,ENCFF567RJL,ENCFF274YGF
BACH2,ENSG00000112182,Q9BYV9,BACH2_HUMAN.H11MO.0.A,BACH2_HUMAN.SK-N-SH.sem,0.751891903,SK-N-SH,ENCFF936MSK,ENCFF752OZB
BATF,ENSG00000156127,Q16520,BATF_HUMAN.H11MO.0.A,BATF_HUMAN.GM12878.sem,0.289928886,GM12878,ENCFF716MIY,ENCFF759OLD
BCL6,ENSG00000113916,P41182,BCL6_HUMAN.H11MO.0.A,BCL6_HUMAN.HepG2.sem,0.548227415,HepG2,ENCFF223VEK,ENCFF897NME
BHLHA15,ENSG00000180535,Q7RTS1,BHA15_HUMAN.H11MO.0.B,BHA15_HUMAN.HepG2.sem,0.807140656,HepG2,ENCFF990LNT,ENCFF897NME
BHLHE40,ENSG00000134107,O14503,BHE40_HUMAN.H11MO.0.A,BHE40_HUMAN.GM12878.sem,0.260393932,GM12878,ENCFF325FDI,ENCFF759OLD
BHLHE40,ENSG00000134107,O14503,BHE40_HUMAN.H11MO.0.A,BHE40_HUMAN.HepG2.sem,0.202200973,HepG2,ENCFF087SAL,ENCFF897NME
BHLHE40,ENSG00000134107,O14503,BHE40_HUMAN.H11MO.0.A,BHE40_HUMAN.K562.sem,0.199900682,K562,ENCFF110ZZE,ENCFF274YGF
ARNTL,ENSG00000133794,O00327,BMAL1_HUMAN.H11MO.0.A,BMAL1_HUMAN.HepG2.sem,0.330398858,HepG2,ENCFF363NHH,ENCFF897NME
ARNTL,ENSG00000133794,O00327,BMAL1_HUMAN.H11MO.0.A,BMAL1_HUMAN.SK-N-SH.sem,0.375517553,SK-N-SH,ENCFF924RGW,ENCFF752OZB
CEBPA,ENSG00000245848,P49715,CEBPA_HUMAN.H11MO.0.A,CEBPA_HUMAN.HepG2.sem,0.283117928,HepG2,ENCFF381JQO,ENCFF897NME
CEBPB,ENSG00000172216,P17676,CEBPB_HUMAN.H11MO.0.A,CEBPB_HUMAN.GM12878.sem,0.208676577,GM12878,ENCFF660MMF,ENCFF759OLD
CEBPB,ENSG00000172216,P17676,CEBPB_HUMAN.H11MO.0.A,CEBPB_HUMAN.HepG2.sem,0.198568219,HepG2,ENCFF406BBU,ENCFF897NME
CEBPB,ENSG00000172216,P17676,CEBPB_HUMAN.H11MO.0.A,CEBPB_HUMAN.K562.sem,0.162279058,K562,ENCFF434POQ,ENCFF274YGF
CEBPD,ENSG00000221869,P49716,CEBPD_HUMAN.H11MO.0.C,CEBPD_HUMAN.HepG2.sem,0.267850067,HepG2,ENCFF344JBB,ENCFF897NME
CEBPG,ENSG00000153879,P53567,CEBPG_HUMAN.H11MO.0.B,CEBPG_HUMAN.HepG2.sem,0.256473688,HepG2,ENCFF544WCT,ENCFF897NME
CEBPG,ENSG00000153879,P53567,CEBPG_HUMAN.H11MO.0.B,CEBPG_HUMAN.K562.sem,0.101037334,K562,ENCFF934VTV,ENCFF274YGF
CEBPG,ENSG00000153879,P53567,CEBPG_HUMAN.H11MO.0.B,CEBPG_HUMAN.MCF-7.sem,0.210552636,MCF-7,ENCFF288JYT,ENCFF835KCG
CLOCK,ENSG00000134852,O15516,CLOCK_HUMAN.H11MO.0.C,CLOCK_HUMAN.K562.sem,0.323999517,K562,ENCFF208ICL,ENCFF274YGF
CLOCK,ENSG00000134852,O15516,CLOCK_HUMAN.H11MO.0.C,CLOCK_HUMAN.MCF-7.sem,0.152503553,MCF-7,ENCFF045RXD,ENCFF835KCG
EBF1,ENSG00000164330,Q9UH73,COE1_HUMAN.H11MO.0.A,COE1_HUMAN.GM12878.sem,0.310301232,GM12878,ENCFF810XRY,ENCFF759OLD
NR2F1,ENSG00000175745,P10589,COT1_HUMAN.H11MO.0.C,COT1_HUMAN.GM12878.sem,0.376784465,GM12878,ENCFF006ARY,ENCFF759OLD
NR2F1,ENSG00000175745,P10589,COT1_HUMAN.H11MO.0.C,COT1_HUMAN.HepG2.sem,0.369775202,HepG2,ENCFF376TWD,ENCFF897NME
NR2F1,ENSG00000175745,P10589,COT1_HUMAN.H11MO.0.C,COT1_HUMAN.K562.sem,0.301731501,K562,ENCFF463IKW,ENCFF274YGF
NR2F2,ENSG00000185551,P24468,COT2_HUMAN.H11MO.0.A,COT2_HUMAN.HepG2.sem,0.411429684,HepG2,ENCFF037OTB,ENCFF897NME
NR2F2,ENSG00000185551,P24468,COT2_HUMAN.H11MO.0.A,COT2_HUMAN.K562.sem,0.484418911,K562,ENCFF092LQW,ENCFF274YGF
NR2F2,ENSG00000185551,P24468,COT2_HUMAN.H11MO.0.A,COT2_HUMAN.MCF-7.sem,0.372955579,MCF-7,ENCFF678MPN,ENCFF835KCG
CREB1,ENSG00000118260,P16220,CREB1_HUMAN.H11MO.0.A,CREB1_HUMAN.GM12878.sem,0.173411015,GM12878,ENCFF906KGM,ENCFF759OLD
CREB1,ENSG00000118260,P16220,CREB1_HUMAN.H11MO.0.A,CREB1_HUMAN.HepG2.sem,0.164105751,HepG2,ENCFF012XKQ,ENCFF897NME
CREB1,ENSG00000118260,P16220,CREB1_HUMAN.H11MO.0.A,CREB1_HUMAN.K562.sem,0.129315287,K562,ENCFF623GVL,ENCFF274YGF
CREM,ENSG00000095794,Q03060,CREM_HUMAN.H11MO.0.C,CREM_HUMAN.GM12878.sem,0.212070187,GM12878,ENCFF061VUA,ENCFF759OLD
CREM,ENSG00000095794,Q03060,CREM_HUMAN.H11MO.0.C,CREM_HUMAN.HepG2.sem,0.200136472,HepG2,ENCFF827WAD,ENCFF897NME
CREM,ENSG00000095794,Q03060,CREM_HUMAN.H11MO.0.C,CREM_HUMAN.K562.sem,0.156102453,K562,ENCFF391MFB,ENCFF274YGF
CTCF,ENSG00000102974,P49711,CTCF_HUMAN.H11MO.0.A,CTCF_HUMAN.HepG2.sem,0.316395448,HepG2,ENCFF704QYE,ENCFF897NME
CUX1,ENSG00000257923,P39880,CUX1_HUMAN.H11MO.0.C,CUX1_HUMAN.GM12878.sem,0.318194803,GM12878,ENCFF833GJC,ENCFF759OLD
CUX1,ENSG00000257923,P39880,CUX1_HUMAN.H11MO.0.C,CUX1_HUMAN.K562.sem,0.227145696,K562,ENCFF425DBM,ENCFF274YGF
CUX1,ENSG00000257923,P39880,CUX1_HUMAN.H11MO.0.C,CUX1_HUMAN.MCF-7.sem,0.186844425,MCF-7,ENCFF663YXL,ENCFF835KCG
DBP,ENSG00000105516,Q10586,DBP_HUMAN.H11MO.0.B,DBP_HUMAN.HepG2.sem,0.743504601,HepG2,ENCFF938DXB,ENCFF897NME
E2F1,ENSG00000101412,Q01094,E2F1_HUMAN.H11MO.0.A,E2F1_HUMAN.HepG2.sem,0.261691849,HepG2,ENCFF354YZN,ENCFF897NME
E2F1,ENSG00000101412,Q01094,E2F1_HUMAN.H11MO.0.A,E2F1_HUMAN.K562.sem,0.349921735,K562,ENCFF526IXT,ENCFF274YGF
E2F1,ENSG00000101412,Q01094,E2F1_HUMAN.H11MO.0.A,E2F1_HUMAN.MCF-7.sem,0.367293585,MCF-7,ENCFF076DGM,ENCFF835KCG
E2F2,ENSG00000007968,Q14209,E2F2_HUMAN.H11MO.0.B,E2F2_HUMAN.HepG2.sem,0.616446732,HepG2,ENCFF675FOH,ENCFF897NME
E2F3,ENSG00000112242,O00716,E2F3_HUMAN.H11MO.0.A,E2F3_HUMAN.K562.sem,0.384381841,K562,ENCFF483LYL,ENCFF274YGF
E2F4,ENSG00000205250,Q16254,E2F4_HUMAN.H11MO.0.A,E2F4_HUMAN.GM12878.sem,0.217548869,GM12878,ENCFF337MYH,ENCFF759OLD
E2F4,ENSG00000205250,Q16254,E2F4_HUMAN.H11MO.0.A,E2F4_HUMAN.HepG2.sem,0.246470284,HepG2,ENCFF320SYO,ENCFF897NME
E2F4,ENSG00000205250,Q16254,E2F4_HUMAN.H11MO.0.A,E2F4_HUMAN.K562.sem,0.307784115,K562,ENCFF721FGN,ENCFF274YGF
E2F5,ENSG00000133740,Q15329,E2F5_HUMAN.H11MO.0.B,E2F5_HUMAN.HepG2.sem,0.401553694,HepG2,ENCFF735TUO,ENCFF897NME
E2F5,ENSG00000133740,Q15329,E2F5_HUMAN.H11MO.0.B,E2F5_HUMAN.K562.sem,0.686268003,K562,ENCFF225ZXF,ENCFF274YGF
E2F5,ENSG00000133740,Q15329,E2F5_HUMAN.H11MO.0.B,E2F5_HUMAN.WTC11.sem,0.488033033,WTC11,ENCFF010CIY,ENCFF854DSG
E2F6,ENSG00000169016,O75461,E2F6_HUMAN.H11MO.0.A,E2F6_HUMAN.A549.sem,0.41874842,A549,ENCFF032ZGS,ENCFF128ZVL
E2F6,ENSG00000169016,O75461,E2F6_HUMAN.H11MO.0.A,E2F6_HUMAN.H1.sem,0.455821963,H1,ENCFF067NZD,ENCFF983UCL
E2F6,ENSG00000169016,O75461,E2F6_HUMAN.H11MO.0.A,E2F6_HUMAN.K562.sem,0.591934215,K562,ENCFF646TMK,ENCFF274YGF
E2F7,ENSG00000165891,Q96AV8,E2F7_HUMAN.H11MO.0.B,E2F7_HUMAN.K562.sem,0.085320065,K562,ENCFF930IRA,ENCFF274YGF
ELF1,ENSG00000120690,P32519,ELF1_HUMAN.H11MO.0.A,ELF1_HUMAN.GM12878.sem,0.300399127,GM12878,ENCFF653KLN,ENCFF759OLD
ELF1,ENSG00000120690,P32519,ELF1_HUMAN.H11MO.0.A,ELF1_HUMAN.HepG2.sem,0.24544362,HepG2,ENCFF129AGI,ENCFF897NME
ELF1,ENSG00000120690,P32519,ELF1_HUMAN.H11MO.0.A,ELF1_HUMAN.K562.sem,0.249077862,K562,ENCFF073IWX,ENCFF274YGF
ELF2,ENSG00000109381,Q15723,ELF2_HUMAN.H11MO.0.C,ELF2_HUMAN.K562.sem,0.185240847,K562,ENCFF263XFB,ENCFF274YGF
ELF3,ENSG00000163435,P78545,ELF3_HUMAN.H11MO.0.A,ELF3_HUMAN.HepG2.sem,0.493784842,HepG2,ENCFF573QDS,ENCFF897NME
ELK1,ENSG00000126767,P19419,ELK1_HUMAN.H11MO.0.B,ELK1_HUMAN.GM12878.sem,0.319514433,GM12878,ENCFF385JTY,ENCFF759OLD
ELK1,ENSG00000126767,P19419,ELK1_HUMAN.H11MO.0.B,ELK1_HUMAN.HepG2.sem,0.527677802,HepG2,ENCFF769UGA,ENCFF897NME
ELK1,ENSG00000126767,P19419,ELK1_HUMAN.H11MO.0.B,ELK1_HUMAN.K562.sem,0.317879763,K562,ENCFF262TFX,ENCFF274YGF
ELK4,ENSG00000158711,P28324,ELK4_HUMAN.H11MO.0.A,ELK4_HUMAN.HEK293.sem,0.208468114,HEK293,ENCFF110STE,ENCFF285OXK
ELK4,ENSG00000158711,P28324,ELK4_HUMAN.H11MO.0.A,ELK4_HUMAN.HeLa-S3.sem,0.207054323,HeLa-S3,ENCFF632TTT,ENCFF049BHH
ELK4,ENSG00000158711,P28324,ELK4_HUMAN.H11MO.0.A,ELK4_HUMAN.HepG2.sem,0.652229688,HepG2,ENCFF921VIL,ENCFF897NME
ESRRA,ENSG00000173153,P11474,ERR1_HUMAN.H11MO.0.A,ERR1_HUMAN.GM12878.sem,0.630902095,GM12878,ENCFF664CTK,ENCFF759OLD
ESRRA,ENSG00000173153,P11474,ERR1_HUMAN.H11MO.0.A,ERR1_HUMAN.HepG2.sem,0.617612921,HepG2,ENCFF388SYH,ENCFF897NME
ESRRA,ENSG00000173153,P11474,ERR1_HUMAN.H11MO.0.A,ERR1_HUMAN.K562.sem,0.339510002,K562,ENCFF365EJL,ENCFF274YGF
ESR1,ENSG00000091831,P03372,ESR1_HUMAN.H11MO.0.A,ESR1_HUMAN.MCF-7.sem,0.145801963,MCF-7,ENCFF746RVZ,ENCFF835KCG
ETS1,ENSG00000134954,P14921,ETS1_HUMAN.H11MO.0.A,ETS1_HUMAN.GM12878.sem,0.425161096,GM12878,ENCFF686FAA,ENCFF759OLD
ETS1,ENSG00000134954,P14921,ETS1_HUMAN.H11MO.0.A,ETS1_HUMAN.HepG2.sem,0.822079914,HepG2,ENCFF013DGI,ENCFF897NME
ETS1,ENSG00000134954,P14921,ETS1_HUMAN.H11MO.0.A,ETS1_HUMAN.K562.sem,0.760426079,K562,ENCFF490BCW,ENCFF274YGF
ETV1,ENSG00000006468,P50549,ETV1_HUMAN.H11MO.0.A,ETV1_HUMAN.K562.sem,0.272311829,K562,ENCFF652ZLV,ENCFF274YGF
ETV4,ENSG00000175832,P43268,ETV4_HUMAN.H11MO.0.B,ETV4_HUMAN.HepG2.sem,0.339952783,HepG2,ENCFF748QBK,ENCFF897NME
ETV5,ENSG00000244405,P41161,ETV5_HUMAN.H11MO.0.C,ETV5_HUMAN.HepG2.sem,0.361670779,HepG2,ENCFF051QUK,ENCFF897NME
ETV5,ENSG00000244405,P41161,ETV5_HUMAN.H11MO.0.C,ETV5_HUMAN.K562.sem,0.364631345,K562,ENCFF219CMY,ENCFF274YGF
MECOM,ENSG00000085276,Q03112,EVI1_HUMAN.H11MO.0.B,EVI1_HUMAN.K562.sem,0.483744667,K562,ENCFF113JYQ,ENCFF274YGF
FEZF1,ENSG00000128610,A0PJY2,FEZF1_HUMAN.H11MO.0.C,FEZF1_HUMAN.HEK293.sem,0.432689532,HEK293,ENCFF137IZJ,ENCFF285OXK
FOSL1,ENSG00000175592,P15407,FOSL1_HUMAN.H11MO.0.A,FOSL1_HUMAN.HepG2.sem,0.298482074,HepG2,ENCFF560JDF,ENCFF897NME
FOSL1,ENSG00000175592,P15407,FOSL1_HUMAN.H11MO.0.A,FOSL1_HUMAN.K562.sem,0.214160494,K562,ENCFF970NEI,ENCFF274YGF
FOSL2,ENSG00000075426,P15408,FOSL2_HUMAN.H11MO.0.A,FOSL2_HUMAN.A549.sem,0.33000568,A549,ENCFF910JVM,ENCFF128ZVL
FOSL2,ENSG00000075426,P15408,FOSL2_HUMAN.H11MO.0.A,FOSL2_HUMAN.HepG2.sem,0.32672339,HepG2,ENCFF680AIL,ENCFF897NME
FOSL2,ENSG00000075426,P15408,FOSL2_HUMAN.H11MO.0.A,FOSL2_HUMAN.MCF-7.sem,0.315913553,MCF-7,ENCFF752SXD,ENCFF835KCG
FOS,ENSG00000170345,P01100,FOS_HUMAN.H11MO.0.A,FOS_HUMAN.IMR-90.sem,0.458642381,IMR-90,ENCFF516QHD,ENCFF800DVI
FOS,ENSG00000170345,P01100,FOS_HUMAN.H11MO.0.A,FOS_HUMAN.MCF-7.sem,0.219427011,MCF-7,ENCFF327LTA,ENCFF835KCG
FOXA1,ENSG00000129514,P55317,FOXA1_HUMAN.H11MO.0.A,FOXA1_HUMAN.HepG2.sem,0.432802726,HepG2,ENCFF943NCT,ENCFF897NME
FOXA1,ENSG00000129514,P55317,FOXA1_HUMAN.H11MO.0.A,FOXA1_HUMAN.MCF-7.sem,0.37424452,MCF-7,ENCFF512UGW,ENCFF835KCG
FOXA2,ENSG00000125798,Q9Y261,FOXA2_HUMAN.H11MO.0.A,FOXA2_HUMAN.HepG2.sem,0.518322519,HepG2,ENCFF112HWT,ENCFF897NME
FOXA2,ENSG00000125798,Q9Y261,FOXA2_HUMAN.H11MO.0.A,FOXA2_HUMAN.liver.sem,0.226631238,liver,ENCFF037NAU,ENCFF933OGA
FOXA3,ENSG00000170608,P55318,FOXA3_HUMAN.H11MO.0.B,FOXA3_HUMAN.HepG2.sem,0.514835813,HepG2,ENCFF781OLA,ENCFF897NME
FOXA3,ENSG00000170608,P55318,FOXA3_HUMAN.H11MO.0.B,FOXA3_HUMAN.K562.sem,0.318269511,K562,ENCFF749DZX,ENCFF274YGF
FOXC1,ENSG00000054598,Q12948,FOXC1_HUMAN.H11MO.0.C,FOXC1_HUMAN.HepG2.sem,0.650964246,HepG2,ENCFF279ZZH,ENCFF897NME
FOXJ2,ENSG00000065970,Q9P0K8,FOXJ2_HUMAN.H11MO.0.C,FOXJ2_HUMAN.K562.sem,0.528945649,K562,ENCFF551HEY,ENCFF274YGF
FOXJ3,ENSG00000198815,Q9UPW0,FOXJ3_HUMAN.H11MO.0.A,FOXJ3_HUMAN.HepG2.sem,0.643919893,HepG2,ENCFF133RIG,ENCFF897NME
FOXJ3,ENSG00000198815,Q9UPW0,FOXJ3_HUMAN.H11MO.0.A,FOXJ3_HUMAN.K562.sem,0.493737937,K562,ENCFF600TDS,ENCFF274YGF
FOXJ3,ENSG00000198815,Q9UPW0,FOXJ3_HUMAN.H11MO.0.A,FOXJ3_HUMAN.WTC11.sem,0.709699572,WTC11,ENCFF510SLA,ENCFF854DSG
FOXK1,ENSG00000164916,P85037,FOXK1_HUMAN.H11MO.0.A,FOXK1_HUMAN.HepG2.sem,0.553880703,HepG2,ENCFF911YRM,ENCFF897NME
FOXK1,ENSG00000164916,P85037,FOXK1_HUMAN.H11MO.0.A,FOXK1_HUMAN.K562.sem,0.687560287,K562,ENCFF825WQV,ENCFF274YGF
FOXK1,ENSG00000164916,P85037,FOXK1_HUMAN.H11MO.0.A,FOXK1_HUMAN.WTC11.sem,0.537485715,WTC11,ENCFF684GVQ,ENCFF854DSG
FOXM1,ENSG00000111206,Q08050,FOXM1_HUMAN.H11MO.0.A,FOXM1_HUMAN.HepG2.sem,0.616337293,HepG2,ENCFF780EXO,ENCFF897NME
FOXM1,ENSG00000111206,Q08050,FOXM1_HUMAN.H11MO.0.A,FOXM1_HUMAN.K562.sem,0.656302461,K562,ENCFF921LSI,ENCFF274YGF
FOXO1,ENSG00000150907,Q12778,FOXO1_HUMAN.H11MO.0.A,FOXO1_HUMAN.HepG2.sem,0.591397131,HepG2,ENCFF672VQC,ENCFF897NME
FOXP1,ENSG00000114861,Q9H334,FOXP1_HUMAN.H11MO.0.A,FOXP1_HUMAN.HepG2.sem,0.508815384,HepG2,ENCFF181RZM,ENCFF897NME
FOXP1,ENSG00000114861,Q9H334,FOXP1_HUMAN.H11MO.0.A,FOXP1_HUMAN.WTC11.sem,0.728282989,WTC11,ENCFF125WCE,ENCFF854DSG
FOXP2,ENSG00000128573,O15409,FOXP2_HUMAN.H11MO.0.C,FOXP2_HUMAN.SK-N-MC.sem,0.724689181,SK-N-MC,ENCFF996PHG,ENCFF054KLI
FOXQ1,ENSG00000164379,Q9C009,FOXQ1_HUMAN.H11MO.0.C,FOXQ1_HUMAN.HepG2.sem,0.587777614,HepG2,ENCFF309HRS,ENCFF897NME
GABPA,ENSG00000154727,Q06546,GABPA_HUMAN.H11MO.0.A,GABPA_HUMAN.GM12878.sem,0.189862127,GM12878,ENCFF433TLK,ENCFF759OLD
GABPA,ENSG00000154727,Q06546,GABPA_HUMAN.H11MO.0.A,GABPA_HUMAN.HepG2.sem,0.182982931,HepG2,ENCFF350ZVL,ENCFF897NME
GABPA,ENSG00000154727,Q06546,GABPA_HUMAN.H11MO.0.A,GABPA_HUMAN.K562.sem,0.199103381,K562,ENCFF009TCA,ENCFF274YGF
GATA3,ENSG00000107485,P23771,GATA3_HUMAN.H11MO.0.A,GATA3_HUMAN.A549.sem,0.591157406,A549,ENCFF485KDU,ENCFF128ZVL
GATA3,ENSG00000107485,P23771,GATA3_HUMAN.H11MO.0.A,GATA3_HUMAN.MCF-7.sem,0.532377034,MCF-7,ENCFF668UPC,ENCFF835KCG
GATA4,ENSG00000136574,P43694,GATA4_HUMAN.H11MO.0.A,GATA4_HUMAN.HepG2.sem,0.464181567,HepG2,ENCFF206MPL,ENCFF897NME
NR3C1,ENSG00000113580,P04150,GCR_HUMAN.H11MO.0.A,GCR_HUMAN.HepG2.sem,0.715870293,HepG2,ENCFF920TXR,ENCFF897NME
NR3C1,ENSG00000113580,P04150,GCR_HUMAN.H11MO.0.A,GCR_HUMAN.WTC11.sem,0.827560648,WTC11,ENCFF686WQV,ENCFF854DSG
GFI1B,ENSG00000165702,Q5VTD9,GFI1B_HUMAN.H11MO.0.A,GFI1B_HUMAN.HEK293.sem,0.525240215,HEK293,ENCFF037HOD,ENCFF285OXK
GFI1,ENSG00000162676,Q99684,GFI1_HUMAN.H11MO.0.C,GFI1_HUMAN.HepG2.sem,0.54092027,HepG2,ENCFF560WOT,ENCFF897NME
GRHL2,ENSG00000083307,Q6ISB3,GRHL2_HUMAN.H11MO.0.A,GRHL2_HUMAN.WTC11.sem,0.706300586,WTC11,ENCFF922BYR,ENCFF854DSG
HINFP,ENSG00000172273,Q9BQA5,HINFP_HUMAN.H11MO.0.C,HINFP_HUMAN.HepG2.sem,0.565812829,HepG2,ENCFF474WEH,ENCFF897NME
HLF,ENSG00000108924,Q16534,HLF_HUMAN.H11MO.0.C,HLF_HUMAN.HepG2.sem,0.14337708,HepG2,ENCFF188IGL,ENCFF897NME
HNF1A,ENSG00000135100,P20823,HNF1A_HUMAN.H11MO.0.C,HNF1A_HUMAN.HepG2.sem,0.307481451,HepG2,ENCFF502ACF,ENCFF897NME
HNF1B,ENSG00000275410,P35680,HNF1B_HUMAN.H11MO.0.A,HNF1B_HUMAN.HepG2.sem,0.477447836,HepG2,ENCFF965HDD,ENCFF897NME
HNF4A,ENSG00000101076,P41235,HNF4A_HUMAN.H11MO.0.A,HNF4A_HUMAN.HepG2.sem,0.420549978,HepG2,ENCFF467SMI,ENCFF897NME
HNF4A,ENSG00000101076,P41235,HNF4A_HUMAN.H11MO.0.A,HNF4A_HUMAN.liver.sem,0.298949014,liver,ENCFF531OYO,ENCFF933OGA
HNF4G,ENSG00000164749,Q14541,HNF4G_HUMAN.H11MO.0.B,HNF4G_HUMAN.HepG2.sem,0.400004136,HepG2,ENCFF035TZA,ENCFF897NME
HNF4G,ENSG00000164749,Q14541,HNF4G_HUMAN.H11MO.0.B,HNF4G_HUMAN.liver.sem,0.298969051,liver,ENCFF806RAV,ENCFF933OGA
ONECUT1,ENSG00000169856,Q9UBC0,HNF6_HUMAN.H11MO.0.B,HNF6_HUMAN.HepG2.sem,0.101955291,HepG2,ENCFF756PHT,ENCFF897NME
HSF1,ENSG00000185122,Q00613,HSF1_HUMAN.H11MO.0.A,HSF1_HUMAN.GM12878.sem,0.388780025,GM12878,ENCFF627JOG,ENCFF759OLD
HSF2,ENSG00000025156,Q03933,HSF2_HUMAN.H11MO.0.A,HSF2_HUMAN.HepG2.sem,0.292591851,HepG2,ENCFF798USX,ENCFF897NME
TCF12,ENSG00000140262,Q99081,HTF4_HUMAN.H11MO.0.A,HTF4_HUMAN.GM12878.sem,0.380766076,GM12878,ENCFF429EUS,ENCFF759OLD
TCF12,ENSG00000140262,Q99081,HTF4_HUMAN.H11MO.0.A,HTF4_HUMAN.K562.sem,0.307011016,K562,ENCFF920OCE,ENCFF274YGF
HOXA10,ENSG00000253293,P31260,HXA10_HUMAN.H11MO.0.C,HXA10_HUMAN.HepG2.sem,0.62413172,HepG2,ENCFF627VPD,ENCFF897NME
HOXA9,ENSG00000078399,P31269,HXA9_HUMAN.H11MO.0.B,HXA9_HUMAN.HepG2.sem,0.630518787,HepG2,ENCFF550LST,ENCFF897NME
HOXB7,ENSG00000260027,P09629,HXB7_HUMAN.H11MO.0.C,HXB7_HUMAN.HEK293.sem,0.724411608,HEK293,ENCFF887BAN,ENCFF285OXK
IKZF1,ENSG00000185811,Q13422,IKZF1_HUMAN.H11MO.0.C,IKZF1_HUMAN.GM12878.sem,0.758908278,GM12878,ENCFF012ZPU,ENCFF759OLD
IRF9,ENSG00000213928,Q00978,IRF9_HUMAN.H11MO.0.C,IRF9_HUMAN.HepG2.sem,0.691046711,HepG2,ENCFF351RRJ,ENCFF897NME
IRF9,ENSG00000213928,Q00978,IRF9_HUMAN.H11MO.0.C,IRF9_HUMAN.K562.sem,0.241961826,K562,ENCFF551KHO,ENCFF274YGF
TCF4,ENSG00000196628,P15884,ITF2_HUMAN.H11MO.0.C,ITF2_HUMAN.SK-N-SH.sem,0.62552488,SK-N-SH,ENCFF667SYW,ENCFF752OZB
JUNB,ENSG00000171223,P17275,JUNB_HUMAN.H11MO.0.A,JUNB_HUMAN.GM12878.sem,0.446625162,GM12878,ENCFF965NQQ,ENCFF759OLD
JUNB,ENSG00000171223,P17275,JUNB_HUMAN.H11MO.0.A,JUNB_HUMAN.HepG2.sem,0.396831025,HepG2,ENCFF512IOM,ENCFF897NME
JUNB,ENSG00000171223,P17275,JUNB_HUMAN.H11MO.0.A,JUNB_HUMAN.K562.sem,0.28104125,K562,ENCFF114SLT,ENCFF274YGF
JUND,ENSG00000130522,P17535,JUND_HUMAN.H11MO.0.A,JUND_HUMAN.GM12878.sem,0.43622685,GM12878,ENCFF948QYK,ENCFF759OLD
JUND,ENSG00000130522,P17535,JUND_HUMAN.H11MO.0.A,JUND_HUMAN.HepG2.sem,0.316410017,HepG2,ENCFF953VNU,ENCFF897NME
JUND,ENSG00000130522,P17535,JUND_HUMAN.H11MO.0.A,JUND_HUMAN.K562.sem,0.322207321,K562,ENCFF896RLT,ENCFF274YGF
JUN,ENSG00000177606,P05412,JUN_HUMAN.H11MO.0.A,JUN_HUMAN.HepG2.sem,0.370343157,HepG2,ENCFF732BEG,ENCFF897NME
JUN,ENSG00000177606,P05412,JUN_HUMAN.H11MO.0.A,JUN_HUMAN.K562.sem,0.688989402,K562,ENCFF220RDW,ENCFF274YGF
JUN,ENSG00000177606,P05412,JUN_HUMAN.H11MO.0.A,JUN_HUMAN.MCF-7.sem,0.365702238,MCF-7,ENCFF730TVS,ENCFF835KCG
ZBTB33,ENSG00000177485,Q86T24,KAISO_HUMAN.H11MO.0.A,KAISO_HUMAN.GM12878.sem,0.048174597,GM12878,ENCFF960CUQ,ENCFF759OLD
ZBTB33,ENSG00000177485,Q86T24,KAISO_HUMAN.H11MO.0.A,KAISO_HUMAN.HepG2.sem,0.033112154,HepG2,ENCFF250ZSB,ENCFF897NME
ZBTB33,ENSG00000177485,Q86T24,KAISO_HUMAN.H11MO.0.A,KAISO_HUMAN.K562.sem,0.604332364,K562,ENCFF173FZK,ENCFF274YGF
KLF12,ENSG00000118922,Q9Y4X4,KLF12_HUMAN.H11MO.0.C,KLF12_HUMAN.HepG2.sem,0.852652217,HepG2,ENCFF208IQI,ENCFF897NME
KLF1,ENSG00000105610,Q13351,KLF1_HUMAN.H11MO.0.A,KLF1_HUMAN.HEK293.sem,0.535548958,HEK293,ENCFF364FQL,ENCFF285OXK
KLF1,ENSG00000105610,Q13351,KLF1_HUMAN.H11MO.0.A,KLF1_HUMAN.K562.sem,0.62977961,K562,ENCFF373JER,ENCFF274YGF
KLF5,ENSG00000102554,Q13887,KLF5_HUMAN.H11MO.0.A,KLF5_HUMAN.GM12878.sem,0.303363766,GM12878,ENCFF168RBB,ENCFF759OLD
KLF8,ENSG00000102349,O95600,KLF8_HUMAN.H11MO.0.C,KLF8_HUMAN.HEK293.sem,0.666633362,HEK293,ENCFF899RPV,ENCFF285OXK
KLF9,ENSG00000119138,Q13886,KLF9_HUMAN.H11MO.0.C,KLF9_HUMAN.HEK293.sem,0.554691727,HEK293,ENCFF651WTD,ENCFF285OXK
KLF9,ENSG00000119138,Q13886,KLF9_HUMAN.H11MO.0.C,KLF9_HUMAN.HepG2.sem,0.808679385,HepG2,ENCFF822RNI,ENCFF897NME
LEF1,ENSG00000138795,Q9UJU2,LEF1_HUMAN.H11MO.0.A,LEF1_HUMAN.K562.sem,0.498372074,K562,ENCFF723UZM,ENCFF274YGF
MAX,ENSG00000125952,P61244,MAX_HUMAN.H11MO.0.A,MAX_HUMAN.GM12878.sem,0.435886735,GM12878,ENCFF167ECI,ENCFF759OLD
MAX,ENSG00000125952,P61244,MAX_HUMAN.H11MO.0.A,MAX_HUMAN.HepG2.sem,0.422418518,HepG2,ENCFF486FEF,ENCFF897NME
MAX,ENSG00000125952,P61244,MAX_HUMAN.H11MO.0.A,MAX_HUMAN.K562.sem,0.358545058,K562,ENCFF568HZU,ENCFF274YGF
MBD2,ENSG00000134046,Q9UBB5,MBD2_HUMAN.H11MO.0.B,MBD2_HUMAN.K562.sem,0.505837752,K562,ENCFF958JOF,ENCFF274YGF
MBD2,ENSG00000134046,Q9UBB5,MBD2_HUMAN.H11MO.0.B,MBD2_HUMAN.MCF-7.sem,0.619550877,MCF-7,ENCFF517UQD,ENCFF835KCG
MEF2A,ENSG00000068305,Q02078,MEF2A_HUMAN.H11MO.0.A,MEF2A_HUMAN.GM12878.sem,0.440615371,GM12878,ENCFF497DHP,ENCFF759OLD
MEF2A,ENSG00000068305,Q02078,MEF2A_HUMAN.H11MO.0.A,MEF2A_HUMAN.HepG2.sem,0.648569798,HepG2,ENCFF773NSM,ENCFF897NME
MEF2A,ENSG00000068305,Q02078,MEF2A_HUMAN.H11MO.0.A,MEF2A_HUMAN.K562.sem,0.239419687,K562,ENCFF124SCF,ENCFF274YGF
MEF2B,ENSG00000213999,Q02080,MEF2B_HUMAN.H11MO.0.A,MEF2B_HUMAN.GM12878.sem,0.634932842,GM12878,ENCFF715JTY,ENCFF759OLD
MEF2B,ENSG00000213999,Q02080,MEF2B_HUMAN.H11MO.0.A,MEF2B_HUMAN.HepG2.sem,0.60902462,HepG2,ENCFF999OHU,ENCFF897NME
MEF2C,ENSG00000081189,Q06413,MEF2C_HUMAN.H11MO.0.A,MEF2C_HUMAN.GM12878.sem,0.383935124,GM12878,ENCFF462AFJ,ENCFF759OLD
MEF2D,ENSG00000116604,Q14814,MEF2D_HUMAN.H11MO.0.A,MEF2D_HUMAN.HepG2.sem,0.512611017,HepG2,ENCFF662EEB,ENCFF897NME
MEF2D,ENSG00000116604,Q14814,MEF2D_HUMAN.H11MO.0.A,MEF2D_HUMAN.K562.sem,0.242157408,K562,ENCFF461WJA,ENCFF274YGF
MEIS1,ENSG00000143995,O00470,MEIS1_HUMAN.H11MO.0.A,MEIS1_HUMAN.HEK293.sem,0.487731357,HEK293,ENCFF716JSQ,ENCFF285OXK
MEIS1,ENSG00000143995,O00470,MEIS1_HUMAN.H11MO.0.A,MEIS1_HUMAN.HepG2.sem,0.689419795,HepG2,ENCFF354HOO,ENCFF897NME
MEIS2,ENSG00000134138,O14770,MEIS2_HUMAN.H11MO.0.B,MEIS2_HUMAN.HepG2.sem,0.855775417,HepG2,ENCFF409ADV,ENCFF897NME
MEIS2,ENSG00000134138,O14770,MEIS2_HUMAN.H11MO.0.B,MEIS2_HUMAN.K562.sem,0.229426421,K562,ENCFF574RND,ENCFF274YGF
MITF,ENSG00000187098,O75030,MITF_HUMAN.H11MO.0.A,MITF_HUMAN.K562.sem,0.075242743,K562,ENCFF273RVE,ENCFF274YGF
MXI1,ENSG00000119950,P50539,MXI1_HUMAN.H11MO.0.A,MXI1_HUMAN.GM12878.sem,0.705358952,GM12878,ENCFF568SNH,ENCFF759OLD
MXI1,ENSG00000119950,P50539,MXI1_HUMAN.H11MO.0.A,MXI1_HUMAN.HepG2.sem,0.661678393,HepG2,ENCFF854ODN,ENCFF897NME
MXI1,ENSG00000119950,P50539,MXI1_HUMAN.H11MO.0.A,MXI1_HUMAN.K562.sem,0.486498514,K562,ENCFF845HTM,ENCFF274YGF
MYB,ENSG00000118513,P10242,MYB_HUMAN.H11MO.0.A,MYB_HUMAN.GM12878.sem,0.359671916,GM12878,ENCFF708UJN,ENCFF759OLD
MYC,ENSG00000136997,P01106,MYC_HUMAN.H11MO.0.A,MYC_HUMAN.GM12878.sem,0.704063349,GM12878,ENCFF829AJS,ENCFF759OLD
MYC,ENSG00000136997,P01106,MYC_HUMAN.H11MO.0.A,MYC_HUMAN.HepG2.sem,0.465142254,HepG2,ENCFF388VAV,ENCFF897NME
MYC,ENSG00000136997,P01106,MYC_HUMAN.H11MO.0.A,MYC_HUMAN.K562.sem,0.409555134,K562,ENCFF140BXD,ENCFF274YGF
MZF1,ENSG00000099326,P28698,MZF1_HUMAN.H11MO.0.B,MZF1_HUMAN.HEK293.sem,0.387679349,HEK293,ENCFF534KWN,ENCFF285OXK
MZF1,ENSG00000099326,P28698,MZF1_HUMAN.H11MO.0.B,MZF1_HUMAN.HepG2.sem,0.810351848,HepG2,ENCFF358DLQ,ENCFF897NME
NEUROD1,ENSG00000162992,Q13562,NDF1_HUMAN.H11MO.0.A,NDF1_HUMAN.K562.sem,0.406315993,K562,ENCFF112BYB,ENCFF274YGF
NFE2L2,ENSG00000116044,Q16236,NF2L2_HUMAN.H11MO.0.A,NF2L2_HUMAN.A549.sem,0.395778894,A549,ENCFF390TMR,ENCFF128ZVL
NFE2L2,ENSG00000116044,Q16236,NF2L2_HUMAN.H11MO.0.A,NF2L2_HUMAN.HeLa-S3.sem,0.527081309,HeLa-S3,ENCFF950XPW,ENCFF049BHH
NFE2L2,ENSG00000116044,Q16236,NF2L2_HUMAN.H11MO.0.A,NF2L2_HUMAN.HepG2.sem,0.311378732,HepG2,ENCFF242DUB,ENCFF897NME
NFATC3,ENSG00000072736,Q12968,NFAC3_HUMAN.H11MO.0.B,NFAC3_HUMAN.GM12878.sem,0.452470946,GM12878,ENCFF179MUG,ENCFF759OLD
NFATC3,ENSG00000072736,Q12968,NFAC3_HUMAN.H11MO.0.B,NFAC3_HUMAN.HepG2.sem,0.659053815,HepG2,ENCFF347JKL,ENCFF897NME
NFE2,ENSG00000123405,Q16621,NFE2_HUMAN.H11MO.0.A,NFE2_HUMAN.HepG2.sem,0.568912836,HepG2,ENCFF649XPS,ENCFF897NME
NFE2,ENSG00000123405,Q16621,NFE2_HUMAN.H11MO.0.A,NFE2_HUMAN.K562.sem,0.284442838,K562,ENCFF025UPR,ENCFF274YGF
NFIA,ENSG00000162599,Q12857,NFIA_HUMAN.H11MO.0.C,NFIA_HUMAN.HepG2.sem,0.367554085,HepG2,ENCFF653ILK,ENCFF897NME
NFIC,ENSG00000141905,P08651,NFIC_HUMAN.H11MO.0.A,NFIC_HUMAN.GM12878.sem,0.682494237,GM12878,ENCFF128WKR,ENCFF759OLD
NFIC,ENSG00000141905,P08651,NFIC_HUMAN.H11MO.0.A,NFIC_HUMAN.K562.sem,0.242220051,K562,ENCFF836FEQ,ENCFF274YGF
NFYA,ENSG00000001167,P23511,NFYA_HUMAN.H11MO.0.A,NFYA_HUMAN.GM12878.sem,0.135216199,GM12878,ENCFF559MJP,ENCFF759OLD
NFYA,ENSG00000001167,P23511,NFYA_HUMAN.H11MO.0.A,NFYA_HUMAN.HepG2.sem,0.164665078,HepG2,ENCFF760DXT,ENCFF897NME
NFYA,ENSG00000001167,P23511,NFYA_HUMAN.H11MO.0.A,NFYA_HUMAN.K562.sem,0.141728993,K562,ENCFF223WHH,ENCFF274YGF
NFYB,ENSG00000120837,P25208,NFYB_HUMAN.H11MO.0.A,NFYB_HUMAN.GM12878.sem,0.151833517,GM12878,ENCFF225JEM,ENCFF759OLD
NFYB,ENSG00000120837,P25208,NFYB_HUMAN.H11MO.0.A,NFYB_HUMAN.HepG2.sem,0.15052752,HepG2,ENCFF086IWX,ENCFF897NME
NFYB,ENSG00000120837,P25208,NFYB_HUMAN.H11MO.0.A,NFYB_HUMAN.WTC11.sem,0.097992951,WTC11,ENCFF210WGP,ENCFF854DSG
NFYC,ENSG00000066136,Q13952,NFYC_HUMAN.H11MO.0.A,NFYC_HUMAN.HepG2.sem,0.163419828,HepG2,ENCFF679GRM,ENCFF897NME
NKX3-1,ENSG00000167034,Q99801,NKX31_HUMAN.H11MO.0.C,NKX31_HUMAN.HepG2.sem,0.648324347,HepG2,ENCFF127ZER,ENCFF897NME
NR2C1,ENSG00000120798,P13056,NR2C1_HUMAN.H11MO.0.C,NR2C1_HUMAN.GM12878.sem,0.2837768,GM12878,ENCFF986VHR,ENCFF759OLD
NR2C2,ENSG00000177463,P49116,NR2C2_HUMAN.H11MO.0.B,NR2C2_HUMAN.GM12878.sem,0.404499386,GM12878,ENCFF111LSD,ENCFF759OLD
NR2C2,ENSG00000177463,P49116,NR2C2_HUMAN.H11MO.0.B,NR2C2_HUMAN.HepG2.sem,0.270366418,HepG2,ENCFF437LQX,ENCFF897NME
NR2C2,ENSG00000177463,P49116,NR2C2_HUMAN.H11MO.0.B,NR2C2_HUMAN.K562.sem,0.346059706,K562,ENCFF577RYO,ENCFF274YGF
NR5A2,ENSG00000116833,O00482,NR5A2_HUMAN.H11MO.0.B,NR5A2_HUMAN.A549.sem,0.382963819,A549,ENCFF533JML,ENCFF128ZVL
NRF1,ENSG00000106459,Q16656,NRF1_HUMAN.H11MO.0.A,NRF1_HUMAN.GM12878.sem,0.264313343,GM12878,ENCFF050XKK,ENCFF759OLD
NRF1,ENSG00000106459,Q16656,NRF1_HUMAN.H11MO.0.A,NRF1_HUMAN.HepG2.sem,0.182225399,HepG2,ENCFF147ECH,ENCFF897NME
NRF1,ENSG00000106459,Q16656,NRF1_HUMAN.H11MO.0.A,NRF1_HUMAN.K562.sem,0.117300704,K562,ENCFF021HPB,ENCFF274YGF
OSR2,ENSG00000164920,Q8N2R0,OSR2_HUMAN.H11MO.0.C,OSR2_HUMAN.HEK293.sem,0.522581492,HEK293,ENCFF330FXV,ENCFF285OXK
OTX2,ENSG00000165588,P32243,OTX2_HUMAN.H11MO.0.A,OTX2_HUMAN.WTC11.sem,0.272252769,WTC11,ENCFF049TPN,ENCFF854DSG
OVOL1,ENSG00000172818,O14753,OVOL1_HUMAN.H11MO.0.C,OVOL1_HUMAN.MCF-7.sem,0.144229155,MCF-7,ENCFF581QQL,ENCFF835KCG
PBX1,ENSG00000185630,P40424,PBX1_HUMAN.H11MO.0.A,PBX1_HUMAN.A549.sem,0.157114648,A549,ENCFF196AGH,ENCFF128ZVL
PBX2,ENSG00000204304,P40425,PBX2_HUMAN.H11MO.0.C,PBX2_HUMAN.HepG2.sem,0.198663829,HepG2,ENCFF706JVZ,ENCFF897NME
PBX2,ENSG00000204304,P40425,PBX2_HUMAN.H11MO.0.C,PBX2_HUMAN.K562.sem,0.243916583,K562,ENCFF134CAX,ENCFF274YGF
PBX3,ENSG00000167081,P40426,PBX3_HUMAN.H11MO.0.A,PBX3_HUMAN.GM12878.sem,0.272668944,GM12878,ENCFF480ZQT,ENCFF759OLD
PBX3,ENSG00000167081,P40426,PBX3_HUMAN.H11MO.0.A,PBX3_HUMAN.HEK293.sem,0.698022033,HEK293,ENCFF583IKP,ENCFF285OXK
CBFB,ENSG00000067955,Q13951,PEBB_HUMAN.H11MO.0.C,PEBB_HUMAN.GM12878.sem,0.535036105,GM12878,ENCFF023CDP,ENCFF759OLD
CBFB,ENSG00000067955,Q13951,PEBB_HUMAN.H11MO.0.C,PEBB_HUMAN.HepG2.sem,0.659180817,HepG2,ENCFF404XOH,ENCFF897NME
CBFB,ENSG00000067955,Q13951,PEBB_HUMAN.H11MO.0.C,PEBB_HUMAN.K562.sem,0.526185931,K562,ENCFF829AHU,ENCFF274YGF
PKNOX1,ENSG00000160199,P55347,PKNX1_HUMAN.H11MO.0.B,PKNX1_HUMAN.GM12878.sem,0.173682493,GM12878,ENCFF322NNB,ENCFF759OLD
PKNOX1,ENSG00000160199,P55347,PKNX1_HUMAN.H11MO.0.B,PKNX1_HUMAN.K562.sem,0.146295944,K562,ENCFF740VPW,ENCFF274YGF
PKNOX1,ENSG00000160199,P55347,PKNX1_HUMAN.H11MO.0.B,PKNX1_HUMAN.MCF-7.sem,0.157326796,MCF-7,ENCFF737NUU,ENCFF835KCG
POU2F1,ENSG00000143190,P14859,PO2F1_HUMAN.H11MO.0.C,PO2F1_HUMAN.HepG2.sem,0.551137514,HepG2,ENCFF862PKO,ENCFF897NME
POU2F2,ENSG00000028277,P09086,PO2F2_HUMAN.H11MO.0.A,PO2F2_HUMAN.GM12878.sem,0.383588325,GM12878,ENCFF803HIP,ENCFF759OLD
POU5F1,ENSG00000204531,Q01860,PO5F1_HUMAN.H11MO.0.A,PO5F1_HUMAN.GM23338.sem,0.537184583,GM23338,ENCFF967EFL,ENCFF358LIO
POU5F1,ENSG00000204531,Q01860,PO5F1_HUMAN.H11MO.0.A,PO5F1_HUMAN.H1.sem,0.54149985,H1,ENCFF003PEE,ENCFF983UCL
POU5F1,ENSG00000204531,Q01860,PO5F1_HUMAN.H11MO.0.A,PO5F1_HUMAN.K562.sem,0.437801476,K562,ENCFF259JPA,ENCFF274YGF
PPARA,ENSG00000186951,Q07869,PPARA_HUMAN.H11MO.0.B,PPARA_HUMAN.SK-N-SH.sem,0.73469786,SK-N-SH,ENCFF464QAX,ENCFF752OZB
PPARG,ENSG00000132170,P37231,PPARG_HUMAN.H11MO.0.A,PPARG_HUMAN.HepG2.sem,0.548619263,HepG2,ENCFF712KOW,ENCFF897NME
PRDM1,ENSG00000057657,O75626,PRDM1_HUMAN.H11MO.0.A,PRDM1_HUMAN.HeLa-S3.sem,0.455758469,HeLa-S3,ENCFF083QTE,ENCFF049BHH
PRDM6,ENSG00000061455,Q9NQX0,PRDM6_HUMAN.H11MO.0.C,PRDM6_HUMAN.HEK293.sem,0.470049517,HEK293,ENCFF507BXZ,ENCFF285OXK
RELB,ENSG00000104856,Q01201,RELB_HUMAN.H11MO.0.C,RELB_HUMAN.GM12878.sem,0.58624147,GM12878,ENCFF936FAN,ENCFF759OLD
REL,ENSG00000162924,Q04864,REL_HUMAN.H11MO.0.B,REL_HUMAN.HepG2.sem,0.680645195,HepG2,ENCFF367AVM,ENCFF897NME
RFX3,ENSG00000080298,P48380,RFX3_HUMAN.H11MO.0.B,RFX3_HUMAN.HepG2.sem,0.205151134,HepG2,ENCFF332PUH,ENCFF897NME
RUNX1,ENSG00000159216,Q01196,RUNX1_HUMAN.H11MO.0.A,RUNX1_HUMAN.K562.sem,0.379634663,K562,ENCFF941JUQ,ENCFF274YGF
RUNX3,ENSG00000020633,Q13761,RUNX3_HUMAN.H11MO.0.A,RUNX3_HUMAN.GM12878.sem,0.571266829,GM12878,ENCFF857YLX,ENCFF759OLD
RXRB,ENSG00000204231,P28702,RXRB_HUMAN.H11MO.0.C,RXRB_HUMAN.HepG2.sem,0.650151948,HepG2,ENCFF731QER,ENCFF897NME
SIX1,ENSG00000126778,Q15475,SIX1_HUMAN.H11MO.0.A,SIX1_HUMAN.HepG2.sem,0.423595772,HepG2,ENCFF592IOO,ENCFF897NME
SMAD2,ENSG00000175387,Q15796,SMAD2_HUMAN.H11MO.0.A,SMAD2_HUMAN.K562.sem,0.851278197,K562,ENCFF103NZN,ENCFF274YGF
SMAD3,ENSG00000166949,P84022,SMAD3_HUMAN.H11MO.0.B,SMAD3_HUMAN.HepG2.sem,0.663953053,HepG2,ENCFF076TIF,ENCFF897NME
SMAD3,ENSG00000166949,P84022,SMAD3_HUMAN.H11MO.0.B,SMAD3_HUMAN.K562.sem,0.615685869,K562,ENCFF529QQI,ENCFF274YGF
SMAD3,ENSG00000166949,P84022,SMAD3_HUMAN.H11MO.0.B,SMAD3_HUMAN.WTC11.sem,0.644181866,WTC11,ENCFF318JBV,ENCFF854DSG
SMAD4,ENSG00000141646,Q13485,SMAD4_HUMAN.H11MO.0.B,SMAD4_HUMAN.WTC11.sem,0.566060215,WTC11,ENCFF442SVC,ENCFF854DSG
SMARCA5,ENSG00000153147,O60264,SMCA5_HUMAN.H11MO.0.C,SMCA5_HUMAN.K562.sem,0.640480815,K562,ENCFF970SIA,ENCFF274YGF
SNAI2,ENSG00000019549,O43623,SNAI2_HUMAN.H11MO.0.A,SNAI2_HUMAN.SK-N-SH.sem,0.672925047,SK-N-SH,ENCFF441UER,ENCFF752OZB
SOX5,ENSG00000134532,P35711,SOX5_HUMAN.H11MO.0.C,SOX5_HUMAN.HepG2.sem,0.62890372,HepG2,ENCFF190LZC,ENCFF897NME
SPI1,ENSG00000066336,P17947,SPI1_HUMAN.H11MO.0.A,SPI1_HUMAN.GM12878.sem,0.698919264,GM12878,ENCFF197ASC,ENCFF759OLD
SPI1,ENSG00000066336,P17947,SPI1_HUMAN.H11MO.0.A,SPI1_HUMAN.K562.sem,0.449294557,K562,ENCFF533RNU,ENCFF274YGF
SREBF1,ENSG00000072310,P36956,SRBP1_HUMAN.H11MO.0.A,SRBP1_HUMAN.GM12878.sem,0.677371968,GM12878,ENCFF392MTW,ENCFF759OLD
SREBF1,ENSG00000072310,P36956,SRBP1_HUMAN.H11MO.0.A,SRBP1_HUMAN.K562.sem,0.486164438,K562,ENCFF630LBW,ENCFF274YGF
SREBF1,ENSG00000072310,P36956,SRBP1_HUMAN.H11MO.0.A,SRBP1_HUMAN.MCF-7.sem,0.178081061,MCF-7,ENCFF791DFW,ENCFF835KCG
SREBF2,ENSG00000198911,Q12772,SRBP2_HUMAN.H11MO.0.B,SRBP2_HUMAN.A549.sem,0.104077655,A549,ENCFF330ZTB,ENCFF128ZVL
SREBF2,ENSG00000198911,Q12772,SRBP2_HUMAN.H11MO.0.B,SRBP2_HUMAN.GM12878.sem,0.209461168,GM12878,ENCFF993CDE,ENCFF759OLD
SRF,ENSG00000112658,P11831,SRF_HUMAN.H11MO.0.A,SRF_HUMAN.HepG2.sem,0.083342998,HepG2,ENCFF127VDE,ENCFF897NME
SRY,ENSG00000184895,Q05066,SRY_HUMAN.H11MO.0.B,SRY_HUMAN.HepG2.sem,0.812024301,HepG2,ENCFF925DOX,ENCFF897NME
STAT5A,ENSG00000126561,P42229,STA5A_HUMAN.H11MO.0.A,STA5A_HUMAN.GM12878.sem,0.670940431,GM12878,ENCFF119COY,ENCFF759OLD
STAT5B,ENSG00000173757,P51692,STA5B_HUMAN.H11MO.0.A,STA5B_HUMAN.HepG2.sem,0.731603548,HepG2,ENCFF415UIB,ENCFF897NME
STAT3,ENSG00000168610,P40763,STAT3_HUMAN.H11MO.0.A,STAT3_HUMAN.GM12878.sem,0.815120105,GM12878,ENCFF430WYI,ENCFF759OLD
STAT3,ENSG00000168610,P40763,STAT3_HUMAN.H11MO.0.A,STAT3_HUMAN.HeLa-S3.sem,0.481308089,HeLa-S3,ENCFF927LQC,ENCFF049BHH
STAT6,ENSG00000166888,P42226,STAT6_HUMAN.H11MO.0.B,STAT6_HUMAN.HepG2.sem,0.732377411,HepG2,ENCFF625LBD,ENCFF897NME
NR5A1,ENSG00000136931,Q13285,STF1_HUMAN.H11MO.0.B,STF1_HUMAN.HepG2.sem,0.362783412,HepG2,ENCFF031EMJ,ENCFF897NME
RBPJ,ENSG00000168214,Q06330,SUH_HUMAN.H11MO.0.A,SUH_HUMAN.HepG2.sem,0.726413219,HepG2,ENCFF595DEL,ENCFF897NME
TAF1,ENSG00000147133,P21675,TAF1_HUMAN.H11MO.0.A,TAF1_HUMAN.MCF-7.sem,0.73063995,MCF-7,ENCFF418WWV,ENCFF835KCG
TBP,ENSG00000112592,P20226,TBP_HUMAN.H11MO.0.A,TBP_HUMAN.HepG2.sem,0.296874902,HepG2,ENCFF887QFA,ENCFF897NME
TBX21,ENSG00000073861,Q9UL17,TBX21_HUMAN.H11MO.0.A,TBX21_HUMAN.GM12878.sem,0.585760277,GM12878,ENCFF578PIF,ENCFF759OLD
TCF7,ENSG00000081059,P36402,TCF7_HUMAN.H11MO.0.A,TCF7_HUMAN.HepG2.sem,0.440257813,HepG2,ENCFF371KMF,ENCFF897NME
TEAD1,ENSG00000187079,P28347,TEAD1_HUMAN.H11MO.0.A,TEAD1_HUMAN.HepG2.sem,0.534812996,HepG2,ENCFF909TSN,ENCFF897NME
TEAD4,ENSG00000197905,Q15561,TEAD4_HUMAN.H11MO.0.A,TEAD4_HUMAN.HepG2.sem,0.423661025,HepG2,ENCFF871FXT,ENCFF897NME
RELA,ENSG00000173039,Q04206,TF65_HUMAN.H11MO.0.A,TF65_HUMAN.HepG2.sem,0.857282225,HepG2,ENCFF335FKX,ENCFF897NME
TCF7L2,ENSG00000148737,Q9NQB0,TF7L2_HUMAN.H11MO.0.A,TF7L2_HUMAN.HepG2.sem,0.469962418,HepG2,ENCFF458NCB,ENCFF897NME
TFAP4,ENSG00000090447,Q01664,TFAP4_HUMAN.H11MO.0.A,TFAP4_HUMAN.HepG2.sem,0.301316395,HepG2,ENCFF945ZDJ,ENCFF897NME
TFDP1,ENSG00000198176,Q14186,TFDP1_HUMAN.H11MO.0.C,TFDP1_HUMAN.HepG2.sem,0.36402411,HepG2,ENCFF865WIO,ENCFF897NME
TFDP1,ENSG00000198176,Q14186,TFDP1_HUMAN.H11MO.0.C,TFDP1_HUMAN.K562.sem,0.253150089,K562,ENCFF728DOU,ENCFF274YGF
TCF3,ENSG00000071564,P15923,TFE2_HUMAN.H11MO.0.A,TFE2_HUMAN.GM12878.sem,0.419247313,GM12878,ENCFF441IMJ,ENCFF759OLD
TCF3,ENSG00000071564,P15923,TFE2_HUMAN.H11MO.0.A,TFE2_HUMAN.HepG2.sem,0.756325049,HepG2,ENCFF813CJO,ENCFF897NME
TCF3,ENSG00000071564,P15923,TFE2_HUMAN.H11MO.0.A,TFE2_HUMAN.K562.sem,0.34513651,K562,ENCFF974XFG,ENCFF274YGF
TFE3,ENSG00000068323,P19532,TFE3_HUMAN.H11MO.0.B,TFE3_HUMAN.HepG2.sem,0.371145756,HepG2,ENCFF780NMQ,ENCFF897NME
TFE3,ENSG00000068323,P19532,TFE3_HUMAN.H11MO.0.B,TFE3_HUMAN.K562.sem,0.085305908,K562,ENCFF342DXD,ENCFF274YGF
THRA,ENSG00000126351,P10827,THA_HUMAN.H11MO.0.C,THA_HUMAN.HepG2.sem,0.640336518,HepG2,ENCFF862KEA,ENCFF897NME
YY1,ENSG00000100811,P25490,TYY1_HUMAN.H11MO.0.A,TYY1_HUMAN.HepG2.sem,0.337271747,HepG2,ENCFF637BBW,ENCFF897NME
USF1,ENSG00000158773,P22415,USF1_HUMAN.H11MO.0.A,USF1_HUMAN.HepG2.sem,0.15634855,HepG2,ENCFF143IEG,ENCFF897NME
ZBTB14,ENSG00000198081,O43829,ZBT14_HUMAN.H11MO.0.C,ZBT14_HUMAN.HepG2.sem,0.275844426,HepG2,ENCFF471QTZ,ENCFF897NME
ZBTB48,ENSG00000204859,P10074,ZBT48_HUMAN.H11MO.0.C,ZBT48_HUMAN.HEK293.sem,0.412059951,HEK293,ENCFF633BJP,ENCFF285OXK
ZBTB7A,ENSG00000178951,O95365,ZBT7A_HUMAN.H11MO.0.A,ZBT7A_HUMAN.HepG2.sem,0.754922269,HepG2,ENCFF439DRT,ENCFF897NME
ZEB1,ENSG00000148516,P37275,ZEB1_HUMAN.H11MO.0.A,ZEB1_HUMAN.HepG2.sem,0.425683574,HepG2,ENCFF925NYR,ENCFF897NME
ZFX,ENSG00000005889,P17010,ZFX_HUMAN.H11MO.0.A,ZFX_HUMAN.HepG2.sem,0.842137835,HepG2,ENCFF329DCV,ENCFF897NME
ZNF281,ENSG00000162702,Q9Y2X9,ZN281_HUMAN.H11MO.0.A,ZN281_HUMAN.HepG2.sem,0.761747644,HepG2,ENCFF948PYK,ENCFF897NME
ZNF18,ENSG00000154957,P17022,ZNF18_HUMAN.H11MO.0.C,ZNF18_HUMAN.HEK293.sem,0.319535276,HEK293,ENCFF888BHA,ENCFF285OXK
ZNF18,ENSG00000154957,P17022,ZNF18_HUMAN.H11MO.0.C,ZNF18_HUMAN.HepG2.sem,0.613052253,HepG2,ENCFF832VFB,ENCFF897NME
